{"stats":{"minecraft:custom":{"minecraft:jump":108,"minecraft:time_since_rest":22699,"minecraft:sprint_one_cm":14090,"minecraft:leave_game":2,"minecraft:play_time":22699,"minecraft:damage_taken":98,"minecraft:time_since_death":22699,"minecraft:walk_one_cm":14165,"minecraft:sneak_time":308,"minecraft:total_world_time":22699,"minecraft:drop":1,"minecraft:fall_one_cm":2884,"minecraft:fly_one_cm":362512},"minecraft:dropped":{"minecraft:netherrack":1},"minecraft:used":{"minecraft:netherrack":6,"minecraft:ladder":1,"minecraft:firework_rocket":16}},"DataVersion":3337}