{"stats":{"minecraft:killed":{"minecraft:pig":7,"minecraft:bee":1,"minecraft:warden":40},"minecraft:broken":{"minecraft:netherite_helmet":1,"minecraft:netherite_boots":1},"minecraft:used":{"minecraft:warden_spawn_egg":5,"minecraft:netherite_sword":90,"minecraft:barrier":1,"minecraft:netherite_axe":761,"minecraft:stone":26,"minecraft:bee_spawn_egg":1,"minecraft:golden_apple":3,"minecraft:diamond_sword":1,"minecraft:golden_carrot":23,"minecraft:enchanted_golden_apple":46,"minecraft:splash_potion":14,"minecraft:obsidian":8},"minecraft:killed_by":{"minecraft:warden":6,"minecraft:wither_skeleton":1},"minecraft:dropped":{"minecraft:pig_spawn_egg":59,"minecraft:netherite_axe":1},"minecraft:picked_up":{"minecraft:sculk_catalyst":3,"minecraft:golden_helmet":1,"minecraft:pig_spawn_egg":59,"minecraft:diamond_sword":2,"minecraft:bone":5,"minecraft:rotten_flesh":10,"minecraft:diamond":106,"minecraft:gold_nugget":1255,"minecraft:netherite_axe":1},"minecraft:custom":{"minecraft:time_since_rest":57706,"minecraft:walk_one_cm":488179,"minecraft:sprint_one_cm":30832,"minecraft:damage_absorbed":5980,"minecraft:damage_taken":23018,"minecraft:mob_kills":48,"minecraft:drop":2,"minecraft:damage_dealt":127006,"minecraft:talked_to_villager":1,"minecraft:fly_one_cm":992763,"minecraft:crouch_one_cm":5524,"minecraft:play_time":285214,"minecraft:deaths":8,"minecraft:sneak_time":2026,"minecraft:jump":2274,"minecraft:leave_game":4,"minecraft:time_since_death":57198,"minecraft:total_world_time":285214,"minecraft:damage_resisted":593022,"minecraft:fall_one_cm":1499}},"DataVersion":3337}