{"stats":{"minecraft:killed":{"minecraft:pig":40,"minecraft:bee":1,"minecraft:warden":40},"minecraft:broken":{"minecraft:netherite_helmet":1,"minecraft:netherite_boots":1},"minecraft:used":{"minecraft:warden_spawn_egg":5,"minecraft:netherite_sword":90,"minecraft:barrier":1,"minecraft:netherite_axe":784,"minecraft:stone":26,"minecraft:bee_spawn_egg":1,"minecraft:golden_apple":3,"minecraft:diamond_sword":8,"minecraft:golden_carrot":23,"minecraft:enchanted_golden_apple":46,"minecraft:splash_potion":14,"minecraft:obsidian":8},"minecraft:killed_by":{"minecraft:warden":6,"minecraft:wither_skeleton":1},"minecraft:dropped":{"minecraft:diamond_sword":2,"minecraft:pig_spawn_egg":59,"minecraft:netherite_axe":1},"minecraft:picked_up":{"minecraft:sculk_catalyst":3,"minecraft:golden_helmet":1,"minecraft:pig_spawn_egg":59,"minecraft:diamond_sword":10,"minecraft:bone":5,"minecraft:rotten_flesh":10,"minecraft:diamond":370,"minecraft:gold_nugget":3833,"minecraft:netherite_axe":1},"minecraft:custom":{"minecraft:time_since_rest":69706,"minecraft:walk_one_cm":511032,"minecraft:sprint_one_cm":34879,"minecraft:damage_absorbed":5980,"minecraft:damage_taken":23018,"minecraft:mob_kills":83,"minecraft:drop":4,"minecraft:damage_dealt":128196,"minecraft:talked_to_villager":1,"minecraft:fly_one_cm":994018,"minecraft:crouch_one_cm":5567,"minecraft:play_time":297214,"minecraft:deaths":8,"minecraft:sneak_time":2041,"minecraft:jump":2275,"minecraft:leave_game":4,"minecraft:time_since_death":69198,"minecraft:total_world_time":297214,"minecraft:damage_resisted":593022,"minecraft:fall_one_cm":1499}},"DataVersion":3337}