{"stats":{"minecraft:custom":{"minecraft:time_since_rest":31810,"minecraft:crouch_one_cm":3314,"minecraft:damage_taken":23018,"minecraft:play_time":259318,"minecraft:sprint_one_cm":30807,"minecraft:damage_absorbed":5980,"minecraft:deaths":8,"minecraft:walk_one_cm":468584,"minecraft:sneak_time":1436,"minecraft:mob_kills":41,"minecraft:jump":2271,"minecraft:damage_dealt":126376,"minecraft:leave_game":3,"minecraft:time_since_death":31302,"minecraft:total_world_time":259318,"minecraft:damage_resisted":593022,"minecraft:talked_to_villager":1,"minecraft:fall_one_cm":1499,"minecraft:fly_one_cm":990415},"minecraft:killed":{"minecraft:warden":40,"minecraft:bee":1},"minecraft:used":{"minecraft:warden_spawn_egg":5,"minecraft:golden_apple":3,"minecraft:bee_spawn_egg":1,"minecraft:netherite_sword":90,"minecraft:diamond_sword":1,"minecraft:golden_carrot":23,"minecraft:barrier":1,"minecraft:netherite_axe":754,"minecraft:stone":1,"minecraft:enchanted_golden_apple":46,"minecraft:obsidian":8},"minecraft:picked_up":{"minecraft:sculk_catalyst":3,"minecraft:golden_helmet":1,"minecraft:bone":5,"minecraft:rotten_flesh":10,"minecraft:diamond":71,"minecraft:diamond_sword":1,"minecraft:gold_nugget":886},"minecraft:broken":{"minecraft:netherite_helmet":1,"minecraft:netherite_boots":1},"minecraft:killed_by":{"minecraft:warden":6,"minecraft:wither_skeleton":1}},"DataVersion":3337}