{"stats":{"minecraft:dropped":{"minecraft:diamond_sword":4,"minecraft:pig_spawn_egg":59,"minecraft:netherite_axe":1},"minecraft:picked_up":{"minecraft:sculk_catalyst":3,"minecraft:golden_helmet":1,"minecraft:leather":3,"minecraft:pig_spawn_egg":59,"minecraft:lead":2,"minecraft:diamond_sword":14,"minecraft:bone":5,"minecraft:rotten_flesh":10,"minecraft:diamond":706,"minecraft:gold_nugget":6554,"minecraft:netherite_axe":1},"minecraft:used":{"minecraft:warden_spawn_egg":5,"minecraft:waxed_exposed_cut_copper":89,"minecraft:netherite_sword":171,"minecraft:waxed_exposed_cut_copper_stairs":57,"minecraft:polished_deepslate":19,"minecraft:quartz_block":2,"minecraft:polished_andesite":9,"minecraft:oak_planks":16,"minecraft:barrier":1,"minecraft:netherite_axe":784,"minecraft:mossy_stone_brick_stairs":2,"minecraft:ender_chest":1,"minecraft:stone":36,"minecraft:totem_of_undying":1,"minecraft:stone_bricks":7,"minecraft:polished_andesite_slab":22,"minecraft:waxed_exposed_cut_copper_slab":117,"minecraft:waxed_exposed_copper":48,"minecraft:bee_spawn_egg":1,"minecraft:chiseled_stone_bricks":2,"minecraft:golden_apple":22,"minecraft:diamond_sword":147,"minecraft:golden_carrot":23,"minecraft:exposed_cut_copper":46,"minecraft:smooth_stone_slab":6,"minecraft:deepslate_brick_slab":22,"minecraft:mud_brick_stairs":4,"minecraft:enchanted_golden_apple":46,"minecraft:splash_potion":14,"minecraft:milk_bucket":1,"minecraft:obsidian":8,"minecraft:gray_stained_glass":3},"minecraft:killed_by":{"minecraft:warden":7,"minecraft:wither_skeleton":1},"minecraft:killed":{"minecraft:trader_llama":3,"minecraft:zombie":1,"minecraft:pig":108,"minecraft:bee":1,"minecraft:silverfish":41,"minecraft:wandering_trader":1,"minecraft:warden":59,"minecraft:cow":9},"minecraft:custom":{"minecraft:time_since_rest":110354,"minecraft:open_enderchest":1,"minecraft:damage_absorbed":6546,"minecraft:sprint_one_cm":64731,"minecraft:walk_one_cm":766405,"minecraft:damage_taken":25206,"minecraft:mob_kills":230,"minecraft:drop":6,"minecraft:damage_dealt":482497,"minecraft:talked_to_villager":1,"minecraft:fly_one_cm":1443134,"minecraft:crouch_one_cm":8715,"minecraft:play_time":562742,"minecraft:deaths":9,"minecraft:sneak_time":4116,"minecraft:jump":2902,"minecraft:walk_on_water_one_cm":135,"minecraft:leave_game":10,"minecraft:time_since_death":110290,"minecraft:total_world_time":562742,"minecraft:damage_resisted":955518,"minecraft:fall_one_cm":3354},"minecraft:broken":{"minecraft:netherite_helmet":1,"minecraft:netherite_boots":1}},"DataVersion":3337}