{"stats":{"minecraft:dropped":{"minecraft:diamond_sword":4,"minecraft:pig_spawn_egg":59,"minecraft:netherite_axe":1},"minecraft:picked_up":{"minecraft:sculk_catalyst":3,"minecraft:golden_helmet":1,"minecraft:leather":3,"minecraft:pig_spawn_egg":59,"minecraft:lead":2,"minecraft:diamond_sword":14,"minecraft:bone":5,"minecraft:rotten_flesh":10,"minecraft:diamond":695,"minecraft:gold_nugget":6554,"minecraft:netherite_axe":1},"minecraft:used":{"minecraft:warden_spawn_egg":5,"minecraft:netherite_sword":140,"minecraft:barrier":1,"minecraft:netherite_axe":784,"minecraft:stone":32,"minecraft:totem_of_undying":1,"minecraft:bee_spawn_egg":1,"minecraft:golden_apple":12,"minecraft:diamond_sword":147,"minecraft:golden_carrot":23,"minecraft:enchanted_golden_apple":46,"minecraft:splash_potion":14,"minecraft:milk_bucket":1,"minecraft:obsidian":8},"minecraft:killed_by":{"minecraft:warden":7,"minecraft:wither_skeleton":1},"minecraft:killed":{"minecraft:trader_llama":3,"minecraft:zombie":1,"minecraft:pig":108,"minecraft:bee":1,"minecraft:silverfish":14,"minecraft:wandering_trader":1,"minecraft:warden":59,"minecraft:cow":9},"minecraft:custom":{"minecraft:time_since_rest":48465,"minecraft:damage_absorbed":6264,"minecraft:sprint_one_cm":49635,"minecraft:walk_one_cm":646170,"minecraft:damage_taken":24255,"minecraft:mob_kills":203,"minecraft:drop":6,"minecraft:damage_dealt":347517,"minecraft:talked_to_villager":1,"minecraft:fly_one_cm":1179574,"minecraft:crouch_one_cm":6762,"minecraft:play_time":500853,"minecraft:deaths":9,"minecraft:sneak_time":2635,"minecraft:jump":2632,"minecraft:leave_game":8,"minecraft:time_since_death":48401,"minecraft:total_world_time":500853,"minecraft:damage_resisted":955518,"minecraft:fall_one_cm":3354},"minecraft:broken":{"minecraft:netherite_helmet":1,"minecraft:netherite_boots":1}},"DataVersion":3337}