{"stats":{"minecraft:used":{"minecraft:warden_spawn_egg":5,"minecraft:netherite_sword":90,"minecraft:barrier":1,"minecraft:netherite_axe":784,"minecraft:stone":32,"minecraft:bee_spawn_egg":1,"minecraft:golden_apple":3,"minecraft:diamond_sword":146,"minecraft:golden_carrot":23,"minecraft:enchanted_golden_apple":46,"minecraft:splash_potion":14,"minecraft:milk_bucket":1,"minecraft:obsidian":8},"minecraft:custom":{"minecraft:time_since_rest":214020,"minecraft:damage_absorbed":5980,"minecraft:sprint_one_cm":40596,"minecraft:walk_one_cm":578178,"minecraft:damage_taken":23018,"minecraft:mob_kills":170,"minecraft:drop":6,"minecraft:damage_dealt":225351,"minecraft:talked_to_villager":1,"minecraft:fly_one_cm":1110958,"minecraft:crouch_one_cm":6329,"minecraft:play_time":441528,"minecraft:deaths":8,"minecraft:sneak_time":2412,"minecraft:jump":2446,"minecraft:leave_game":6,"minecraft:time_since_death":213512,"minecraft:total_world_time":441528,"minecraft:damage_resisted":847998,"minecraft:fall_one_cm":1499},"minecraft:killed_by":{"minecraft:warden":6,"minecraft:wither_skeleton":1},"minecraft:dropped":{"minecraft:diamond_sword":4,"minecraft:pig_spawn_egg":59,"minecraft:netherite_axe":1},"minecraft:picked_up":{"minecraft:sculk_catalyst":3,"minecraft:golden_helmet":1,"minecraft:leather":3,"minecraft:pig_spawn_egg":59,"minecraft:lead":2,"minecraft:diamond_sword":14,"minecraft:bone":5,"minecraft:rotten_flesh":10,"minecraft:diamond":647,"minecraft:gold_nugget":6262,"minecraft:netherite_axe":1},"minecraft:broken":{"minecraft:netherite_helmet":1,"minecraft:netherite_boots":1},"minecraft:killed":{"minecraft:trader_llama":3,"minecraft:pig":100,"minecraft:bee":1,"minecraft:wandering_trader":1,"minecraft:warden":58}},"DataVersion":3337}