{"stats":{"minecraft:dropped":{"minecraft:diamond_sword":4,"minecraft:pig_spawn_egg":59,"minecraft:netherite_axe":1},"minecraft:picked_up":{"minecraft:sculk_catalyst":3,"minecraft:golden_helmet":1,"minecraft:leather":3,"minecraft:pig_spawn_egg":59,"minecraft:lead":2,"minecraft:diamond_sword":14,"minecraft:bone":5,"minecraft:rotten_flesh":10,"minecraft:diamond":706,"minecraft:gold_nugget":6554,"minecraft:netherite_axe":1},"minecraft:used":{"minecraft:warden_spawn_egg":5,"minecraft:netherite_sword":171,"minecraft:barrier":1,"minecraft:netherite_axe":784,"minecraft:stone":32,"minecraft:totem_of_undying":1,"minecraft:bee_spawn_egg":1,"minecraft:golden_apple":22,"minecraft:diamond_sword":147,"minecraft:golden_carrot":23,"minecraft:enchanted_golden_apple":46,"minecraft:splash_potion":14,"minecraft:milk_bucket":1,"minecraft:obsidian":8},"minecraft:killed_by":{"minecraft:warden":7,"minecraft:wither_skeleton":1},"minecraft:killed":{"minecraft:trader_llama":3,"minecraft:zombie":1,"minecraft:pig":108,"minecraft:bee":1,"minecraft:silverfish":41,"minecraft:wandering_trader":1,"minecraft:warden":59,"minecraft:cow":9},"minecraft:custom":{"minecraft:time_since_rest":86354,"minecraft:damage_absorbed":6546,"minecraft:sprint_one_cm":54520,"minecraft:walk_one_cm":747027,"minecraft:damage_taken":25206,"minecraft:mob_kills":230,"minecraft:drop":6,"minecraft:damage_dealt":482497,"minecraft:talked_to_villager":1,"minecraft:fly_one_cm":1190563,"minecraft:crouch_one_cm":7040,"minecraft:play_time":538742,"minecraft:deaths":9,"minecraft:sneak_time":2775,"minecraft:jump":2833,"minecraft:leave_game":10,"minecraft:time_since_death":86290,"minecraft:total_world_time":538742,"minecraft:damage_resisted":955518,"minecraft:fall_one_cm":3354},"minecraft:broken":{"minecraft:netherite_helmet":1,"minecraft:netherite_boots":1}},"DataVersion":3337}