{"stats":{"minecraft:dropped":{"minecraft:diamond_sword":4,"minecraft:pig_spawn_egg":59,"minecraft:netherite_axe":1},"minecraft:picked_up":{"minecraft:sculk_catalyst":3,"minecraft:golden_helmet":1,"minecraft:leather":3,"minecraft:pig_spawn_egg":59,"minecraft:lead":2,"minecraft:diamond_sword":14,"minecraft:bone":5,"minecraft:rotten_flesh":10,"minecraft:diamond":671,"minecraft:gold_nugget":6481,"minecraft:netherite_axe":1},"minecraft:used":{"minecraft:warden_spawn_egg":5,"minecraft:netherite_sword":129,"minecraft:barrier":1,"minecraft:netherite_axe":784,"minecraft:stone":32,"minecraft:totem_of_undying":1,"minecraft:bee_spawn_egg":1,"minecraft:golden_apple":3,"minecraft:diamond_sword":147,"minecraft:golden_carrot":23,"minecraft:enchanted_golden_apple":46,"minecraft:splash_potion":14,"minecraft:milk_bucket":1,"minecraft:obsidian":8},"minecraft:killed_by":{"minecraft:warden":7,"minecraft:wither_skeleton":1},"minecraft:killed":{"minecraft:trader_llama":3,"minecraft:zombie":1,"minecraft:pig":108,"minecraft:bee":1,"minecraft:silverfish":4,"minecraft:wandering_trader":1,"minecraft:warden":59,"minecraft:cow":9},"minecraft:custom":{"minecraft:time_since_rest":33258,"minecraft:damage_absorbed":5994,"minecraft:sprint_one_cm":49635,"minecraft:walk_one_cm":615628,"minecraft:damage_taken":23534,"minecraft:mob_kills":193,"minecraft:drop":6,"minecraft:damage_dealt":297497,"minecraft:talked_to_villager":1,"minecraft:fly_one_cm":1167737,"minecraft:crouch_one_cm":6686,"minecraft:play_time":485646,"minecraft:deaths":9,"minecraft:sneak_time":2552,"minecraft:jump":2556,"minecraft:leave_game":7,"minecraft:time_since_death":33194,"minecraft:total_world_time":485646,"minecraft:damage_resisted":955518,"minecraft:fall_one_cm":3354},"minecraft:broken":{"minecraft:netherite_helmet":1,"minecraft:netherite_boots":1}},"DataVersion":3337}