{"stats":{"minecraft:killed":{"minecraft:trader_llama":1,"minecraft:pig":95,"minecraft:bee":1,"minecraft:warden":56},"minecraft:broken":{"minecraft:netherite_helmet":1,"minecraft:netherite_boots":1},"minecraft:dropped":{"minecraft:diamond_sword":4,"minecraft:pig_spawn_egg":59,"minecraft:netherite_axe":1},"minecraft:killed_by":{"minecraft:warden":6,"minecraft:wither_skeleton":1},"minecraft:custom":{"minecraft:time_since_rest":202871,"minecraft:damage_absorbed":5980,"minecraft:sprint_one_cm":39908,"minecraft:walk_one_cm":558135,"minecraft:damage_taken":23018,"minecraft:mob_kills":160,"minecraft:drop":6,"minecraft:damage_dealt":209956,"minecraft:talked_to_villager":1,"minecraft:fly_one_cm":1087541,"minecraft:crouch_one_cm":6211,"minecraft:play_time":430379,"minecraft:deaths":8,"minecraft:sneak_time":2400,"minecraft:jump":2400,"minecraft:leave_game":5,"minecraft:time_since_death":202363,"minecraft:total_world_time":430379,"minecraft:damage_resisted":593022,"minecraft:fall_one_cm":1499},"minecraft:used":{"minecraft:warden_spawn_egg":5,"minecraft:netherite_sword":90,"minecraft:barrier":1,"minecraft:netherite_axe":784,"minecraft:stone":32,"minecraft:bee_spawn_egg":1,"minecraft:golden_apple":3,"minecraft:diamond_sword":125,"minecraft:golden_carrot":23,"minecraft:enchanted_golden_apple":46,"minecraft:splash_potion":14,"minecraft:obsidian":8},"minecraft:picked_up":{"minecraft:sculk_catalyst":3,"minecraft:golden_helmet":1,"minecraft:leather":2,"minecraft:pig_spawn_egg":59,"minecraft:diamond_sword":14,"minecraft:bone":5,"minecraft:rotten_flesh":10,"minecraft:diamond":639,"minecraft:gold_nugget":6262,"minecraft:netherite_axe":1}},"DataVersion":3337}