{"stats":{"minecraft:dropped":{"minecraft:diamond_sword":4,"minecraft:pig_spawn_egg":59,"minecraft:netherite_axe":1},"minecraft:picked_up":{"minecraft:sculk_catalyst":3,"minecraft:golden_helmet":1,"minecraft:leather":3,"minecraft:pig_spawn_egg":59,"minecraft:lead":2,"minecraft:diamond_sword":14,"minecraft:bone":5,"minecraft:rotten_flesh":10,"minecraft:diamond":702,"minecraft:gold_nugget":6554,"minecraft:netherite_axe":1},"minecraft:used":{"minecraft:warden_spawn_egg":5,"minecraft:netherite_sword":158,"minecraft:barrier":1,"minecraft:netherite_axe":784,"minecraft:stone":32,"minecraft:totem_of_undying":1,"minecraft:bee_spawn_egg":1,"minecraft:golden_apple":16,"minecraft:diamond_sword":147,"minecraft:golden_carrot":23,"minecraft:enchanted_golden_apple":46,"minecraft:splash_potion":14,"minecraft:milk_bucket":1,"minecraft:obsidian":8},"minecraft:killed_by":{"minecraft:warden":7,"minecraft:wither_skeleton":1},"minecraft:killed":{"minecraft:trader_llama":3,"minecraft:zombie":1,"minecraft:pig":108,"minecraft:bee":1,"minecraft:silverfish":29,"minecraft:wandering_trader":1,"minecraft:warden":59,"minecraft:cow":9},"minecraft:custom":{"minecraft:time_since_rest":69146,"minecraft:damage_absorbed":6405,"minecraft:sprint_one_cm":51445,"minecraft:walk_one_cm":695965,"minecraft:damage_taken":24736,"minecraft:mob_kills":218,"minecraft:drop":6,"minecraft:damage_dealt":422497,"minecraft:talked_to_villager":1,"minecraft:fly_one_cm":1183741,"minecraft:crouch_one_cm":7040,"minecraft:play_time":521534,"minecraft:deaths":9,"minecraft:sneak_time":2775,"minecraft:jump":2729,"minecraft:leave_game":9,"minecraft:time_since_death":69082,"minecraft:total_world_time":521534,"minecraft:damage_resisted":955518,"minecraft:fall_one_cm":3354},"minecraft:broken":{"minecraft:netherite_helmet":1,"minecraft:netherite_boots":1}},"DataVersion":3337}