{"stats":{"minecraft:custom":{"minecraft:mob_kills":7,"minecraft:interact_with_crafting_table":1,"minecraft:pot_flower":3,"minecraft:leave_game":4,"minecraft:time_since_death":236855,"minecraft:time_since_rest":236881,"minecraft:sprint_one_cm":22626,"minecraft:damage_taken":720,"minecraft:walk_one_cm":88667,"minecraft:drop":2,"minecraft:damage_dealt":1288,"minecraft:interact_with_beacon":2,"minecraft:talked_to_villager":9,"minecraft:fly_one_cm":1474927,"minecraft:open_chest":1,"minecraft:crouch_one_cm":5366,"minecraft:play_time":237990,"minecraft:deaths":3,"minecraft:sneak_time":7077,"minecraft:jump":394,"minecraft:total_world_time":335415},"minecraft:dropped":{"minecraft:coal_block":1,"minecraft:netherrack":1},"minecraft:picked_up":{"minecraft:netherrack":2},"minecraft:used":{"minecraft:chiseled_polished_blackstone":82,"minecraft:netherite_sword":16,"minecraft:warped_stem":1,"minecraft:polished_blackstone_brick_slab":341,"minecraft:polished_deepslate":29,"minecraft:chiseled_deepslate":4,"minecraft:red_stained_glass":4,"minecraft:polished_blackstone":282,"minecraft:red_nether_bricks":28,"minecraft:black_carpet":9,"minecraft:blackstone":70,"minecraft:axolotl_spawn_egg":1,"minecraft:chest":1,"minecraft:tinted_glass":2,"minecraft:composter":9,"minecraft:redstone_block":1,"minecraft:fletching_table":4,"minecraft:red_nether_brick_stairs":2,"minecraft:beacon":1,"minecraft:chiseled_nether_bricks":5,"minecraft:deepslate_bricks":9,"minecraft:netherrack":304,"minecraft:polished_blackstone_bricks":39,"minecraft:cracked_stone_bricks":6,"minecraft:gilded_blackstone":3,"minecraft:orange_stained_glass":3,"minecraft:orange_carpet":2,"minecraft:mangrove_trapdoor":9,"minecraft:crafting_table":1,"minecraft:blast_furnace":6,"minecraft:sponge":1,"minecraft:yellow_concrete":12,"minecraft:orange_wool":7,"minecraft:deepslate_brick_slab":17,"minecraft:yellow_carpet":22,"minecraft:blackstone_wall":71,"minecraft:stone_brick_wall":5,"minecraft:painting":30,"minecraft:spruce_fence":2,"minecraft:deepslate_brick_stairs":28,"minecraft:obsidian":10,"minecraft:warden_spawn_egg":4,"minecraft:polished_deepslate_stairs":3,"minecraft:deepslate_tiles":245,"minecraft:polished_blackstone_slab":37,"minecraft:flower_pot":3,"minecraft:black_concrete":99,"minecraft:lava_bucket":2,"minecraft:villager_spawn_egg":5,"minecraft:cracked_polished_blackstone_bricks":20,"minecraft:red_wool":1,"minecraft:yellow_stained_glass":158,"minecraft:lantern":12,"minecraft:barrier":33,"minecraft:polished_deepslate_wall":3,"minecraft:polished_blackstone_brick_wall":63,"minecraft:polished_blackstone_brick_stairs":123,"minecraft:stone_brick_stairs":13,"minecraft:stone_bricks":38,"minecraft:yellow_wool":4,"minecraft:soul_lantern":4,"minecraft:chiseled_stone_bricks":12,"minecraft:coal_block":43,"minecraft:red_carpet":9,"minecraft:red_nether_brick_wall":1,"minecraft:emerald_block":1,"minecraft:lime_stained_glass":3,"minecraft:grindstone":5,"minecraft:smithing_table":5,"minecraft:lapis_block":2,"minecraft:chain":20,"minecraft:gold_block":10,"minecraft:smooth_stone_slab":38,"minecraft:smooth_stone":19,"minecraft:splash_potion":1,"minecraft:birch_stairs":2,"minecraft:green_stained_glass":3},"minecraft:killed":{"minecraft:villager":6}},"DataVersion":3337}